<?xml version="1.0" encoding="UTF-8"?>
<Configuration status="WARN">
    <Appenders>
        <Console name="Console" target="SYSTEM_OUT">
            <PatternLayout pattern="%d{HH:mm:ss.SS} [%t] %-5level %logger{36} - %msg%n" />
        </Console>
        <File name="MyFile" fileName="all.log" immediateFlush="true" append="false">
            <PatternLayout pattern="%-6level %d{yyy-MM-dd HH:mm:ss}[%logger{2}] %msg%n"/>
        </File>
    </Appenders>
    <Loggers>
        <Root level="info">
            <AppenderRef ref="MyFile"/>
        </Root>
    </Loggers>
</Configuration>